{
  "samples": 34302,
  "accuracy": 0.7756107515596758,
  "latency_ms": {
    "mean": 0.07385658409459674,
    "p95": 0.10716730248532258,
    "std": 0.015560606107149952,
    "min": 0.06383299478329718,
    "max": 0.47129700396908447
  }
}